Workbook

Sheet Summary
A1: TAAR1 Selectivity Screen — Summary of Findings
A2: 16 psychiatric drugs docked against 5 receptor structures (TAAR1 bound, TAAR1 apo, 5-HT1A, 5-HT2A, D2) using AutoDock Vina 1.2.7
A4: Headline Result
A5: After correcting for ligand size (Ligand Efficiency), no compound in this 16-drug panel shows clear TAAR1 selectivity. The most TAAR1-favoring profiles in the corrected dataset belong to Clozapine and Asenapine — both repurposed antipsychotics, not the TAAR1-designed reference compounds (Ulotaront, Ralmitaront). This is the central, honest finding of the study.
A7: 1. Correction: the apparent TAAR1 selectivity pattern is largely a ligand-size artifact
A8: Raw docking scores in this dataset correlate strongly with ligand size (heavy atom count vs. raw off-target average score, r = -0.907) — larger, bulkier drugs simply score better everywhere, regardless of true fit. This means the initial pattern ("antipsychotics bind broadly, TAAR1-designed drugs are selective") was substantially confounded by molecular size, not a clean biological signal. Correcting for this using Ligand Efficiency (LE = score ÷ heavy atom count, computed from each compound's actual docked heavy-atom count) narrows the apparent selectivity to a much smaller band: LE-based selectivity gaps fall between -0.007 and +0.049, with no compound showing a gap large enough to constitute clear TAAR1 selectivity. Critically, the ranking of compounds is largely preserved under this correction (Spearman rho = 0.81 comparing raw and LE-corrected gap rankings) — it is the magnitude of the apparent selectivity that weakens under correction, not the overall pattern of which compounds look relatively more or less TAAR1-favoring. Clozapine and Asenapine are the most TAAR1-favoring compounds both before and after the size correction (raw gaps of -0.170 and -0.068; LE gaps of -0.007 and -0.003) — this ranking does not change under correction, though the gaps themselves are small in both cases. The honest conclusion is that this dataset, on its own, does not show strong evidence of true TAAR1 selectivity for any compound once ligand size is properly accounted for — a materially different conclusion from the uncorrected result, and a more defensible one.
A10: 2. A top score in the homology model was a scoring artifact, not genuine binding (the Haloperidol issue)
A11: In the SWISS-MODEL-derived TAAR1 homology model (used for early exploratory docking, not one of the five receptors in the final matrix above), Haloperidol scored strongest of all 16 compounds (-6.940 kcal/mol) — yet showed no meaningful contact (12-18 Å away) with the Asp103/phenylalanine-cluster residues known to define the real TAAR1 pocket, indicating the top score was a scoring-function artifact rather than genuine target engagement. Ulotaront showed the same disconnect in this model (7.9-14 Å from the same residues). A control redocking using side-chain-derived box coordinates instead of backbone-derived ones produced statistically identical results, ruling out box placement as the cause and pointing to a genuine limitation in the homology model's predicted pocket geometry. This is why every score elsewhere in this project was checked against real residue contacts rather than trusted at face value, and why the homology model itself was excluded from the final five-receptor selectivity matrix.
A13: 3. AutoDock Vina reproducibility issue found and fixed
A14: Identical docking setups (same receptor, same ligand, same coordinates) produced different top-ranked poses across separate runs. This was traced to Vina's default unseeded stochastic search combined with low exhaustiveness (8). Fixing a random seed (42) and raising exhaustiveness to 32 produced internally consistent, reproducible results across all subsequent runs. Note: reproducibility and correctness are not the same guarantee — see Section 6 for a case where this fixed seed, despite being fully reproducible, converged on a non-physiological pose.
A16: 4. Confirmed steric mechanism behind TAAR1 conformational selectivity (bound vs. apo state)
A17: Several bulky antipsychotics (Clozapine, Olanzapine, Quetiapine, Asenapine) that bind strongly to the drug-bound TAAR1 structure (8W88) score weakly or positively (repulsive) against the empty, apo TAAR1 structure (8ZSJ). A full seven-step diagnostic on Clozapine (the representative case) ruled out file-handling, box-placement, and receptor-protonation errors as explanations: the ligand was confirmed in the correct orthosteric pocket region (contacting Phe186/Phe267), His175 was confirmed in its neutral tautomer (ruling out an electrostatic clash), and the ligand's amine sat 8.96 Å from Asp103 — far outside salt-bridge range, showing it was seated at the shallow entrance of the pocket rather than the deep site. A full contact scan then found genuine severe steric overlap, most notably a 1.85 Å contact with the Val184 backbone carbonyl alongside 20+ additional sub-3.2 Å contacts. This confirms the positive score reflects real steric incompatibility between this ligand class and the more closed apo-state pocket, not a modeling artifact. Quetiapine and Olanzapine were not individually put through this full diagnostic; the same mechanism is inferred from structural similarity to Clozapine, not directly confirmed for those two.
... A26: Docking scores are predicted binding affinities, not measured biological activity, and do not replace experimental validation. The D2 structure (6LUQ) was solved at lower resolution (3.1 Å); 55 residues with unresolved side-chain atoms were excluded during receptor preparation, though the critical ligand-anchoring residue (Asp114) was confirmed intact. Each receptor uses a single, mostly rigid conformation and does not model receptor flexibility beyond the bound/apo state comparison above. The TAAR1 homology model (Phase 4) was generated via SWISS-MODEL at a single point in time; because SWISS-MODEL's underlying template database is updated periodically, rebuilding this model later is not guaranteed to reproduce an identical structure — the original model file is included in this repository for exact reproducibility. Its top-scoring hit (Haloperidol) was diagnosed as a scoring-function artifact via contact-distance analysis, not resolved, and homology-model results were excluded from the final selectivity matrix as a result. Because a fixed random seed was shown in Section 6 to produce a non-physiological result for one compound (Ulotaront), the remaining fifteen 8W88 scores have not yet been individually re-verified for the same seed-dependence and should be treated as provisional pending that check; Ralmitaront is the highest-priority compound to verify next, as the panel's other TAAR1-designed positive control.

Sheet Master Matrix
A1: TAAR1 Selectivity Screen — Master Results Matrix
A2: AutoDock Vina 1.2.7 | seed=42, exhaustiveness=32 | all receptors ligand-decontaminated and validated | values = predicted binding affinity, kcal/mol (more negative = stronger)
A4: Compound | B4: Category | C4: TAAR1 (8W88) | D4: Apo TAAR1 (8ZSJ) | E4: 5-HT1A (8W8B) | F4: 5-HT2A (6A93) | G4: D2 (6LUQ) | H4: Heavy Atoms | I4: Off-Target Avg | J4: Selectivity Gap (raw) | K4: LE (TAAR1) | L4: LE (Off-Target) | M4: LE Selectivity Gap | N4: Notes
A5: Ralmitaront | B5: TAAR1-designed | C5: -8.359 | D5: -4.069 | E5: -8.313 | F5: -9.485 | G5: -9.461 | H5: 23 | I5: =AVERAGE(E5:G5) -> -9.0863333 | J5: =C5-I5 -> 0.72733333 | K5: =C5/H5 -> -0.36343478 | L5: =I5/H5 -> -0.39505797 | M5: =K5-L5 -> 0.031623188 | N5: Binds off-targets strongly — does not show a clean TAAR1-selective profile
A6: Ulotaront | B6: TAAR1-designed | C6: -4.983 | D6: -6.089 | E6: -5.806 | F6: -5.472 | G6: -5.423 | H6: 12 | I6: =AVERAGE(E6:G6) -> -5.567 | J6: =C6-I6 -> 0.584 | K6: =C6/H6 -> -0.41525 | L6: =I6/H6 -> -0.46391667 | M6: =K6-L6 -> 0.048666667 | N6: Score corrected after identifying the initial fixed-seed run converged on a non-physiological pose; verified via RMSD against the crystal structure (0.669 Å, mode 4, unseeded re-dock)
A7: Methamphetamine | B7: Trace amine-related stimulant | C7: -6.005 | D7: -5.961 | E7: -6.094 | F7: -6.337 | G7: -6.285 | H7: 11 | I7: =AVERAGE(E7:G7) -> -6.2386667 | J7: =C7-I7 -> 0.23366667 | K7: =C7/H7 -> -0.54590909 | L7: =I7/H7 -> -0.56715152 | M7: =K7-L7 -> 0.021242424
A8: Amphetamine | B8: Trace amine (endogenous) | C8: -5.813 | D8: -5.747 | E8: -5.727 | F8: -6.209 | G8: -6.299 | H8: 10 | I8: =AVERAGE(E8:G8) -> -6.0783333 | J8: =C8-I8 -> 0.26533333 | K8: =C8/H8 -> -0.5813 | L8: =I8/H8 -> -0.60783333 | M8: =K8-L8 -> 0.026533333
A9: Tyramine | B9: Trace amine (endogenous) | C9: -5.599 | D9: -5.894 | E9: -5.703 | F9: -5.867 | G9: -6.146 | H9: 10 | I9: =AVERAGE(E9:G9) -> -5.9053333 | J9: =C9-I9 -> 0.30633333 | K9: =C9/H9 -> -0.5599 | L9: =I9/H9 -> -0.59053333 | M9: =K9-L9 -> 0.030633333
A10: beta-Phenylethylamine | B10: Trace amine (endogenous) | C10: -5.297 | D10: -5.622 | E10: -5.29 | F10: -5.837 | G10: -5.834 | H10: 9 | I10: =AVERAGE(E10:G10) -> -5.6536667 | J10: =C10-I10 -> 0.35666667 | K10: =C10/H10 -> -0.58855556 | L10: =I10/H10 -> -0.62818519 | M10: =K10-L10 -> 0.03962963
A11: Guanabenz | B11: Antihypertensive (repurposed) | C11: -6.535 | D11: -5.669 | E11: -7.159 | F11: -6.652 | G11: -6.412 | H11: 14 | I11: =AVERAGE(E11:G11) -> -6.741 | J11: =C11-I11 -> 0.206 | K11: =C11/H11 -> -0.46678571 | L11: =I11/H11 -> -0.4815 | M11: =K11-L11 -> 0.014714286
A12: Guanfacine | B12: Antihypertensive (repurposed) | C12: -6.502 | D12: -5.513 | E12: -7.157 | F12: -6.778 | G12: -6.737 | H12: 15 | I12: =AVERAGE(E12:G12) -> -6.8906667 | J12: =C12-I12 -> 0.38866667 | K12: =C12/H12 -> -0.43346667 | L12: =I12/H12 -> -0.45937778 | M12: =K12-L12 -> 0.025911111
A13: Fenoldopam | B13: Antihypertensive (repurposed) | C13: -6.096 | D13: -2.079 | E13: -6.725 | F13: -7.319 | G13: -5.807 | H13: 23 | I13: =AVERAGE(E13:G13) -> -6.617 | J13: =C13-I13 -> 0.521 | K13: =C13/H13 -> -0.26504348 | L13: =I13/H13 -> -0.28769565 | M13: =K13-L13 -> 0.022652174 | N13: Weak score vs. apo state (8ZSJ)
A14: Risperidone | B14: Antipsychotic (repurposed) | C14: -10.076 | D14: -3.736 | E14: -10.375 | F14: -11.856 | G14: -11.499 | H14: 30 | I14: =AVERAGE(E14:G14) -> -11.243333 | J14: =C14-I14 -> 1.1673333 | K14: =C14/H14 -> -0.33586667 | L14: =I14/H14 -> -0.37477778 | M14: =K14-L14 -> 0.038911111 | N14: Strongest binder overall, across every receptor tested
A15: Haloperidol | B15: Antipsychotic (repurposed) | C15: -9.229 | D15: -4.735 | E15: -8.954 | F15: -9.16 | G15: -10.17 | H15: 26 | I15: =AVERAGE(E15:G15) -> -9.428 | J15: =C15-I15 -> 0.199 | K15: =C15/H15 -> -0.35496154 | L15: =I15/H15 -> -0.36261538 | M15: =K15-L15 -> 0.0076538462 | N15: D2 structure (6LUQ) solved at lower resolution (3.1 Å); 55 residues with unresolved side chains excluded during prep
A16: Clozapine | B16: Antipsychotic (repurposed) | C16: -9.151 | D16: 5.066 | E16: -9.115 | F16: -10.045 | G16: -7.782 | H16: 23 | I16: =AVERAGE(E16:G16) -> -8.9806667 | J16: =C16-I16 -> -0.17033333 | K16: =C16/H16 -> -0.39786957 | L16: =I16/H16 -> -0.39046377 | M16: =K16-L16 -> -0.0074057971 | N16: Positive score vs. apo state confirmed as genuine steric clash (1.85 Å contact with Val184 backbone, 20+ sub-3.2 Å contacts); file/box/protonation errors ruled out — see conformational selectivity finding
A17: Asenapine | B17: Antipsychotic (repurposed) | C17: -9.147 | D17: -0.09 | E17: -8.796 | F17: -10.744 | G17: -7.698 | H17: 20 | I17: =AVERAGE(E17:G17) -> -9.0793333 | J17: =C17-I17 -> -0.067666667 | K17: =C17/H17 -> -0.45735 | L17: =I17/H17 -> -0.45396667 | M17: =K17-L17 -> -0.0033833333 | N17: Near-zero score vs. apo state — see conformational selectivity finding
A18: Aripiprazole | B18: Antipsychotic (repurposed) | C18: -8.515 | D18: -4.544 | E18: -9.697 | F18: -10.056 | G18: -9.675 | H18: 30 | I18: =AVERAGE(E18:G18) -> -9.8093333 | J18: =C18-I18 -> 1.2943333 | K18: =C18/H18 -> -0.28383333 | L18: =I18/H18 -> -0.32697778 | M18: =K18-L18 -> 0.043144444
A19: Quetiapine | B19: Antipsychotic (repurposed) | C19: -8.216 | D19: 4.808 | E19: -7.677 | F19: -10.009 | G19: -8.961 | H19: 27 | I19: =AVERAGE(E19:G19) -> -8.8823333 | J19: =C19-I19 -> 0.66633333 | K19: =C19/H19 -> -0.3042963 | L19: =I19/H19 -> -0.32897531 | M19: =K19-L19 -> 0.024679012 | N19: Positive score vs. apo state — inferred same steric mechanism as clozapine (structurally similar), not individually confirmed
A20: Olanzapine | B20: Antipsychotic (repurposed) | C20: -7.55 | D20: 3.353 | E20: -8.072 | F20: -8.519 | G20: -6.874 | H20: 22 | I20: =AVERAGE(E20:G20) -> -7.8216667 | J20: =C20-I20 -> 0.27166667 | K20: =C20/H20 -> -0.34318182 | L20: =I20/H20 -> -0.3555303 | M20: =K20-L20 -> 0.012348485 | N20: Positive score vs. apo state — inferred same steric mechanism as clozapine (structurally similar), not individually confirmed
A22: Off-Target Avg = average of 5-HT1A, 5-HT2A, and D2 (excludes Apo TAAR1, the same target in a different conformational state, not an off-target). Heavy Atoms = non-hydrogen atom count, extracted directly from each compound's actual docked ligand file.
A23: Selectivity Gap (raw) = TAAR1 score minus Off-Target Avg; negative = TAAR1-favoring. This raw metric is CONFOUNDED by ligand size (heavy atoms vs. raw off-target score, r = -0.907 across this dataset) and should not be used alone. LE (Ligand Efficiency) = score ÷ heavy atoms, normalizing for molecular size. LE Selectivity Gap = LE(TAAR1) − LE(Off-Target) is the size-corrected, trustworthy version of the selectivity metric — see Summary tab for what it actually shows.

Sheet Selectivity Chart
A1: Selectivity Gap by Compound — Raw vs. Ligand-Efficiency-Corrected
A2: Raw gap is confounded by ligand size (r = -0.907 with heavy atom count) — LE gap is the trustworthy version
A3: Compound | B3: Raw Selectivity Gap | C3: LE Selectivity Gap
A4: ='Master Matrix'!A5 -> Ralmitaront | B4: ='Master Matrix'!J5 -> 0.72733333 | C4: ='Master Matrix'!M5 -> 0.031623188
A5: ='Master Matrix'!A6 -> Ulotaront | B5: ='Master Matrix'!J6 -> 0.584 | C5: ='Master Matrix'!M6 -> 0.048666667
A6: ='Master Matrix'!A7 -> Methamphetamine | B6: ='Master Matrix'!J7 -> 0.23366667 | C6: ='Master Matrix'!M7 -> 0.021242424
A7: ='Master Matrix'!A8 -> Amphetamine | B7: ='Master Matrix'!J8 -> 0.26533333 | C7: ='Master Matrix'!M8 -> 0.026533333
A8: ='Master Matrix'!A9 -> Tyramine | B8: ='Master Matrix'!J9 -> 0.30633333 | C8: ='Master Matrix'!M9 -> 0.030633333
A9: ='Master Matrix'!A10 -> beta-Phenylethylamine | B9: ='Master Matrix'!J10 -> 0.35666667 | C9: ='Master Matrix'!M10 -> 0.03962963
A10: ='Master Matrix'!A11 -> Guanabenz | B10: ='Master Matrix'!J11 -> 0.206 | C10: ='Master Matrix'!M11 -> 0.014714286
A11: ='Master Matrix'!A12 -> Guanfacine | B11: ='Master Matrix'!J12 -> 0.38866667 | C11: ='Master Matrix'!M12 -> 0.025911111
A12: ='Master Matrix'!A13 -> Fenoldopam | B12: ='Master Matrix'!J13 -> 0.521 | C12: ='Master Matrix'!M13 -> 0.022652174
A13: ='Master Matrix'!A14 -> Risperidone | B13: ='Master Matrix'!J14 -> 1.1673333 | C13: ='Master Matrix'!M14 -> 0.038911111
A14: ='Master Matrix'!A15 -> Haloperidol | B14: ='Master Matrix'!J15 -> 0.199 | C14: ='Master Matrix'!M15 -> 0.0076538462
A15: ='Master Matrix'!A16 -> Clozapine | B15: ='Master Matrix'!J16 -> -0.17033333 | C15: ='Master Matrix'!M16 -> -0.0074057971
... A19: ='Master Matrix'!A20 -> Olanzapine | B19: ='Master Matrix'!J20 -> 0.27166667 | C19: ='Master Matrix'!M20 -> 0.012348485
